year,month,day,quantity,price_per_unit
2023,5,10,3,25.0
2023,8,10,2,50.0
2023,9,1,1,500.0
2024,6,5,1,120.0
2024,7,15,1,30.0
2024,10,18,1,300.0
2024,10,25,2,150.0
2024,11,10,3,80.0
2024,11,15,1,1000.0
2024,11,20,2,700.0
